INSERT INTO "APPLICATIONTYPEGROUP" ("ID", "NAME") VALUES (1, 'application group 1');
INSERT INTO "APPLICATIONTYPEGROUP" ("ID", "NAME") VALUES (2, 'application group 2');
INSERT INTO "APPLICATIONTYPEGROUP" ("ID", "NAME") VALUES (3, 'application group 3');

INSERT INTO "APPLICATIONTYPE" ("ID", "NAME", "GROUP") VALUES (1, 'application type 1_1', 1);
INSERT INTO "APPLICATIONTYPE" ("ID", "NAME", "GROUP") VALUES (2, 'application type 1_2', 1);
INSERT INTO "APPLICATIONTYPE" ("ID", "NAME", "GROUP") VALUES (3, 'application type 1_3', 1);
INSERT INTO "APPLICATIONTYPE" ("ID", "NAME", "GROUP") VALUES (4, 'application type 2_1', 2);
INSERT INTO "APPLICATIONTYPE" ("ID", "NAME", "GROUP") VALUES (5, 'application type 2_1', 2);
INSERT INTO "APPLICATIONTYPE" ("ID", "NAME", "GROUP") VALUES (6, 'application type 3_1', 3);

INSERT INTO "ORGANIZATION" ("ID", "NAME") VALUES (1, 'TestOrganization1');
INSERT INTO "ORGANIZATION" ("ID", "NAME") VALUES (2, 'TestOrganization2');			
			
INSERT INTO "DIVISION" ("ID", "NAME", "ORGANIZATION") VALUES (1, 'TestDivision1', 1);
INSERT INTO "DIVISION" ("ID", "NAME", "ORGANIZATION") VALUES (2, 'TestDivision2', 1);
INSERT INTO "DIVISION" ("ID", "NAME", "ORGANIZATION") VALUES (3, 'TestDivision3', 2);
INSERT INTO "DIVISION" ("ID", "NAME", "ORGANIZATION") VALUES (4, 'TestDivision4', 2);
	
INSERT INTO "USER" ("ID", "FIRSTNAME", "LASTNAME", "PASSWORD", "ROLE", "DIVISION")
	VALUES ('test1', 'Test', 'User1', 'blub', 'estimator', 1);
INSERT INTO "USER" ("ID", "FIRSTNAME", "LASTNAME", "PASSWORD", "ROLE", "DIVISION")
	VALUES ('test2', 'Test', 'User2', 'blub', 'estimator', 2);
INSERT INTO "USER" ("ID", "FIRSTNAME", "LASTNAME", "PASSWORD", "ROLE", "DIVISION")
	VALUES ('test3', 'Test', 'User3', 'blub', 'estimator', 3);
INSERT INTO "USER" ("ID", "PASSWORD", "FIRSTNAME", "LASTNAME", "ROLE", "DIVISION")
	VALUES ('estimator', '81dc9bdb52d04dc20036dbd8313ed055', 'Test', 'Estimator', 'estimator', 1);
INSERT INTO "USER" ("ID", "PASSWORD", "FIRSTNAME", "LASTNAME", "ROLE", "DIVISION")
	VALUES ('admin', '81dc9bdb52d04dc20036dbd8313ed055', 'Test', 'Administrator', 'admin', 1);
INSERT INTO "USER" ("ID", "PASSWORD", "FIRSTNAME", "LASTNAME", "ROLE", "DIVISION")
	VALUES ('manager', '81dc9bdb52d04dc20036dbd8313ed055', 'Test', 'Manager', 'manager', 1);

INSERT INTO "ESTIMATE" ("ID","NAME", "CREATIONDATE", "MODIFYDATE", "ESTIMATOR", "LASTEDITOR", "DIVISION")
	VALUES (1,'Test_Estimate 1', '2011-01-01 00:00:00', '2011-01-01 00:00:01', 'test1', 'test1', 1);
INSERT INTO "ESTIMATE" ("ID","NAME", "CREATIONDATE", "MODIFYDATE", "ESTIMATOR", "LASTEDITOR", "DIVISION")
	VALUES (2,'Test_Estimate 2', '2011-01-01 00:00:00', '2011-01-01 00:00:02', 'test1', 'test1', 1);
INSERT INTO "ESTIMATE" ("ID","NAME", "CREATIONDATE", "MODIFYDATE", "ESTIMATOR", "LASTEDITOR", "DIVISION")
	VALUES (3,'Test_Estimate 3', '2011-01-01 00:00:00', '2011-01-01 00:00:03', 'test2', 'test2', 2);
INSERT INTO "ESTIMATE" ("ID","NAME", "CREATIONDATE", "MODIFYDATE", "ESTIMATOR", "LASTEDITOR", "DIVISION")
	VALUES (4,'Test_Estimate 4', '2011-01-01 00:00:00', '2011-01-01 00:00:04', 'test3', 'test3', 2);
INSERT INTO "ESTIMATE" ("ID","NAME", "CREATIONDATE", "MODIFYDATE", "ESTIMATOR", "LASTEDITOR", "DIVISION")
	VALUES (5,'Test_Estimate 5', '2011-01-01 00:00:00', '2011-01-01 00:00:05', 'test3', 'test3', 3);
INSERT INTO "ESTIMATE" ("ID","NAME", "CREATIONDATE", "MODIFYDATE", "ESTIMATOR", "LASTEDITOR", "DIVISION")
	VALUES (6,'Test_Estimate 6', '2011-01-01 00:00:00', '2011-01-01 00:00:06', 'test1', 'test1', 4);

INSERT INTO "INDUSTRYSECTORGROUP" ("ID", "NAME") VALUES (1,'industry group 1');
INSERT INTO "INDUSTRYSECTORGROUP" ("ID", "NAME") VALUES (2,'industry group 2');
INSERT INTO "INDUSTRYSECTORGROUP" ("ID", "NAME") VALUES (3,'industry group 3');

INSERT INTO "INDUSTRYSECTOR" ("ID", "NAME", "GROUP") VALUES (1,'industry sector 1',1);
INSERT INTO "INDUSTRYSECTOR" ("ID", "NAME", "GROUP") VALUES (2,'industry sector 2',1);
INSERT INTO "INDUSTRYSECTOR" ("ID", "NAME", "GROUP") VALUES (3,'industry sector 3',2);
INSERT INTO "INDUSTRYSECTOR" ("ID", "NAME", "GROUP") VALUES (4,'industry sector 4',2);
INSERT INTO "INDUSTRYSECTOR" ("ID", "NAME", "GROUP") VALUES (5,'industry sector 5',3);
INSERT INTO "INDUSTRYSECTOR" ("ID", "NAME", "GROUP") VALUES (6,'industry sector 6',3);

INSERT INTO "PROJECTENVIRONMENT" ("ID","DAYSPERWEEK","HOURSPERDAY","PROJECTDESCRIPTION","PROJECTNAME","APPLICATIONTYPE","COUNTRY","EFFORTUNIT","ESTIMATE","INDUSTRYSECTOR","MONETARYUNIT","MTTDTIMEUNIT")
VALUES (1,2,3,'kleine beschreibung 1','projektname 1',1,'GD','PM',1,1,'ARS','DAY');
INSERT INTO "PROJECTENVIRONMENT" ("ID","DAYSPERWEEK","HOURSPERDAY","PROJECTDESCRIPTION","PROJECTNAME","APPLICATIONTYPE","COUNTRY","EFFORTUNIT","ESTIMATE","INDUSTRYSECTOR","MONETARYUNIT","MTTDTIMEUNIT")
VALUES (2,3,8,'kleine beschreibung 2','projektname 2',3,'GD','PM',2,2,'ARS','DAY');
INSERT INTO "PROJECTENVIRONMENT" ("ID","DAYSPERWEEK","HOURSPERDAY","PROJECTDESCRIPTION","PROJECTNAME","APPLICATIONTYPE","COUNTRY","EFFORTUNIT","ESTIMATE","INDUSTRYSECTOR","MONETARYUNIT","MTTDTIMEUNIT")
VALUES (3,4,9,'kleine beschreibung 3','projektname 3',3,'GD','PM',3,3,'ARS','DAY');
INSERT INTO "PROJECTENVIRONMENT" ("ID","DAYSPERWEEK","HOURSPERDAY","PROJECTDESCRIPTION","PROJECTNAME","APPLICATIONTYPE","COUNTRY","EFFORTUNIT","ESTIMATE","INDUSTRYSECTOR","MONETARYUNIT","MTTDTIMEUNIT")
VALUES (4,5,7,'kleine beschreibung 4','projektname 4',4,'GD','PM',4,4,'ARS','DAY');
INSERT INTO "PROJECTENVIRONMENT" ("ID","DAYSPERWEEK","HOURSPERDAY","PROJECTDESCRIPTION","PROJECTNAME","APPLICATIONTYPE","COUNTRY","EFFORTUNIT","ESTIMATE","INDUSTRYSECTOR","MONETARYUNIT","MTTDTIMEUNIT")
VALUES (5,1,6,'kleine beschreibung 5','projektname 5',5,'GD','PM',5,5,'ARS','DAY');
INSERT INTO "PROJECTENVIRONMENT" ("ID","DAYSPERWEEK","HOURSPERDAY","PROJECTDESCRIPTION","PROJECTNAME","APPLICATIONTYPE","COUNTRY","EFFORTUNIT","ESTIMATE","INDUSTRYSECTOR","MONETARYUNIT","MTTDTIMEUNIT")
VALUES (6,3,5,'kleine beschreibung 6','projektname 6',6,'GD','PM',6,6,'ARS','DAY');


INSERT INTO "SOLUTION" ("ID", "NAME", "ESTIMATE", "PI", "GRANULARITY", "PROJECTSTARTDATE", "CREATIONDATE", "MODIFYDATE", "LASTEDITOR", "GEARINGFACTOR")
	VALUES (1, 'sol1', 1, 5, 1, '2011-01-01 00:00:00', '2011-01-01 00:00:00', '2011-01-01 00:00:01', 'test1',125);	
INSERT INTO "SOLUTION" ("ID", "NAME", "ESTIMATE", "PI", "GRANULARITY", "PROJECTSTARTDATE", "CREATIONDATE", "MODIFYDATE", "LASTEDITOR", "GEARINGFACTOR")
	VALUES (2, 'sol2', 1, 5, 1, '2011-01-01 00:00:00', '2011-01-01 00:00:00', '2011-01-01 00:00:02', 'test1',125);
INSERT INTO "SOLUTION" ("ID", "NAME", "ESTIMATE", "PI", "GRANULARITY", "PROJECTSTARTDATE", "CREATIONDATE", "MODIFYDATE", "LASTEDITOR", "GEARINGFACTOR")
	VALUES (3, 'sol3', 1, 5, 1, '2011-01-01 00:00:00', '2011-01-01 00:00:00', '2011-01-01 00:00:03', 'test1',125);
INSERT INTO "SOLUTION" ("ID", "NAME", "ESTIMATE", "PI", "GRANULARITY", "PROJECTSTARTDATE", "CREATIONDATE", "MODIFYDATE", "LASTEDITOR", "GEARINGFACTOR")
	VALUES (4, 'sol4', 2, 5, 1, '2011-01-01 00:00:00', '2011-01-01 00:00:00', '2011-01-01 00:00:04', 'test1',125);
  
INSERT INTO "PHASE" ("ID", "NUMBER", "NAME", "ACRONYM", "DESCRIPTION", "OWNER", "PERCENTAGE")
	VALUES (1, 1, 'phase name 1_1', 'testacro', 'short description', 1, 20);
INSERT INTO "PHASE" ("ID", "NUMBER", "NAME", "ACRONYM", "DESCRIPTION", "OWNER", "PERCENTAGE")
	VALUES (2, 2, 'phase name 2_2', 'testacro', 'short description', 1, 30);
INSERT INTO "PHASE" ("ID", "NUMBER", "NAME", "ACRONYM", "DESCRIPTION", "OWNER", "PERCENTAGE")
	VALUES (3, 3, 'phase name 3_3', 'testacro', 'short description', 1, 25);
INSERT INTO "PHASE" ("ID", "NUMBER", "NAME", "ACRONYM", "DESCRIPTION", "OWNER", "PERCENTAGE")
	VALUES (4, 4, 'phase name 4_4', 'testacro', 'short description', 1, 25);
INSERT INTO "PHASE" ("ID", "NUMBER", "NAME", "ACRONYM", "DESCRIPTION", "OWNER", "PERCENTAGE")
	VALUES (5, 1, 'phase name 5_1', 'testacro', 'short description', 2, 100);
INSERT INTO "PHASE" ("ID", "NUMBER", "NAME", "ACRONYM", "DESCRIPTION", "OWNER", "PERCENTAGE")
	VALUES (6, 1, 'phase name 6_1', 'testacro', 'short description', 3, 100);
INSERT INTO "PHASE" ("ID", "NUMBER", "NAME", "ACRONYM", "DESCRIPTION", "OWNER", "PERCENTAGE")
	VALUES (7, 1, 'phase name 7_1', 'testacro', 'short description', 4, 100);
INSERT INTO "PHASE" ("ID", "NUMBER", "NAME", "ACRONYM", "DESCRIPTION", "OWNER", "PERCENTAGE")
	VALUES (8, 1, 'phase name 8_1', 'testacro', 'short description', 5, 100);
INSERT INTO "PHASE" ("ID", "NUMBER", "NAME", "ACRONYM", "DESCRIPTION", "OWNER", "PERCENTAGE")
	VALUES (9, 1, 'phase name 9_1', 'testacro', 'short description', 6, 100);
	
	
INSERT INTO "MILESTONE" ("ID", "MILESTONEID", "OWNER", "ACRONYM", "DESCRIPTION", "NAME", "PERCENTAGE", "PHASE", "INCLUDED")
	VALUES (1, 1, 2, 'acrotest', 'little description', 'milestone no 1', 3, 1, 0);
INSERT INTO "DEFECTCATEGORY" ("ID", "INCLUDED", "NAME", "PERCENTAGE", "OWNER")
	VALUES (1, 1, 'category name', 34, 2);	
	
	
INSERT INTO "TEMPLATE" ("ID", "DAYSPERWEEK", "HOURSPERDAY", "DESCRIPTION", "NAME") VALUES (8, 5, 3, 'little description', 'template 1');
INSERT INTO "TEMPLATE" ("ID", "DAYSPERWEEK", "HOURSPERDAY", "DESCRIPTION", "NAME") VALUES (9, 3, 8, 'little description', 'template 2');
INSERT INTO "TEMPLATE" ("ID", "DAYSPERWEEK", "HOURSPERDAY", "DESCRIPTION", "NAME") VALUES (10, 4, 6, 'little description', 'template 3');
	
ALTER TABLE SOLUTION ALTER COLUMN id RESTART WITH 1;
ALTER TABLE APPLICATIONTYPEGROUP ALTER COLUMN id RESTART WITH 4;
ALTER TABLE APPLICATIONTYPE ALTER COLUMN id RESTART WITH 7;
ALTER TABLE ORGANIZATION ALTER COLUMN id RESTART WITH 3;
ALTER TABLE DIVISION ALTER COLUMN id RESTART WITH 5;
ALTER TABLE INDUSTRYSECTOR ALTER COLUMN id RESTART WITH 7;
ALTER TABLE INDUSTRYSECTORGROUP ALTER COLUMN id RESTART WITH 4;
ALTER TABLE PHASE ALTER COLUMN id RESTART WITH 10;
ALTER TABLE MILESTONE ALTER COLUMN id RESTART WITH 2;
ALTER TABLE DEFECTCATEGORY ALTER COLUMN id RESTART WITH 2;
ALTER TABLE ESTIMATE ALTER COLUMN id RESTART WITH 7;
	
	
	