SET SCHEMA webest;
INSERT INTO "APPLICATIONTYPEGROUP" ("ID", "NAME") VALUES (1, 'application group 1');
INSERT INTO "APPLICATIONTYPEGROUP" ("ID", "NAME") VALUES (2, 'application group 2');
INSERT INTO "APPLICATIONTYPEGROUP" ("ID", "NAME") VALUES (3, 'application group 3');
INSERT INTO "APPLICATIONTYPE" ("ID", "NAME", "GROUP") VALUES (1, 'application type 1_1', 1);
INSERT INTO "APPLICATIONTYPE" ("ID", "NAME", "GROUP") VALUES (2, 'application type 1_2', 1);
INSERT INTO "APPLICATIONTYPE" ("ID", "NAME", "GROUP") VALUES (3, 'application type 1_3', 1);
INSERT INTO "APPLICATIONTYPE" ("ID", "NAME", "GROUP") VALUES (4, 'application type 2_1', 2);
INSERT INTO "APPLICATIONTYPE" ("ID", "NAME", "GROUP") VALUES (5, 'application type 2_1', 2);
INSERT INTO "APPLICATIONTYPE" ("ID", "NAME", "GROUP") VALUES (6, 'application type 3_1', 3);
INSERT INTO "ORGANIZATION" ("ID", "NAME") VALUES (1, 'TestOrganization1');
INSERT INTO "ORGANIZATION" ("ID", "NAME") VALUES (2, 'TestOrganization2');			
INSERT INTO "DIVISION" ("ID", "NAME", "ORGANIZATION") VALUES (1, 'TestDivision1', 1);
INSERT INTO "DIVISION" ("ID", "NAME", "ORGANIZATION") VALUES (2, 'TestDivision2', 1);
INSERT INTO "DIVISION" ("ID", "NAME", "ORGANIZATION") VALUES (3, 'TestDivision3', 2);
INSERT INTO "DIVISION" ("ID", "NAME", "ORGANIZATION") VALUES (4, 'TestDivision4', 2);	
INSERT INTO "USER" ("ID", "FIRSTNAME", "LASTNAME", "PASSWORD", "ROLE", "DIVISION") VALUES ('test1', 'Test', 'User1', 'blub', 'estimator', 1);
INSERT INTO "USER" ("ID", "FIRSTNAME", "LASTNAME", "PASSWORD", "ROLE", "DIVISION") VALUES ('test2', 'Test', 'User2', 'blub', 'estimator', 2);
INSERT INTO "USER" ("ID", "FIRSTNAME", "LASTNAME", "PASSWORD", "ROLE", "DIVISION") VALUES ('test3', 'Test', 'User3', 'blub', 'estimator', 3);
INSERT INTO "USER" ("ID", "PASSWORD", "FIRSTNAME", "LASTNAME", "ROLE", "DIVISION") VALUES ('estimator', '81dc9bdb52d04dc20036dbd8313ed055', 'Test', 'Estimator', 'estimator', 1);
INSERT INTO "USER" ("ID", "PASSWORD", "FIRSTNAME", "LASTNAME", "ROLE", "DIVISION") VALUES ('admin', '81dc9bdb52d04dc20036dbd8313ed055', 'Test', 'Administrator', 'admin', 1);
INSERT INTO "USER" ("ID", "PASSWORD", "FIRSTNAME", "LASTNAME", "ROLE", "DIVISION") VALUES ('manager', '81dc9bdb52d04dc20036dbd8313ed055', 'Test', 'Manager', 'manager', 1);
INSERT INTO "INDUSTRYSECTORGROUP" ("ID", "NAME") VALUES (1,'industry group 1');
INSERT INTO "INDUSTRYSECTORGROUP" ("ID", "NAME") VALUES (2,'industry group 2');
INSERT INTO "INDUSTRYSECTORGROUP" ("ID", "NAME") VALUES (3,'industry group 3');
INSERT INTO "INDUSTRYSECTOR" ("ID", "NAME", "GROUP") VALUES (1,'industry sector 1',1);
INSERT INTO "INDUSTRYSECTOR" ("ID", "NAME", "GROUP") VALUES (2,'industry sector 2',1);
INSERT INTO "INDUSTRYSECTOR" ("ID", "NAME", "GROUP") VALUES (3,'industry sector 3',2);
INSERT INTO "INDUSTRYSECTOR" ("ID", "NAME", "GROUP") VALUES (4,'industry sector 4',2);
INSERT INTO "INDUSTRYSECTOR" ("ID", "NAME", "GROUP") VALUES (5,'industry sector 5',3);
INSERT INTO "INDUSTRYSECTOR" ("ID", "NAME", "GROUP") VALUES (6,'industry sector 6',3);
INSERT INTO "PIHISTORYCATEGORY" ("ID","NAME") VALUES (1,'category1');
INSERT INTO "PIHISTORYCATEGORY" ("ID","NAME") VALUES (2,'category2');
INSERT INTO "PIHISTORYCATEGORY" ("ID","NAME") VALUES (3,'category3');
insert into "PIHISTORYENTRY" ("ID","PROJECTNAME","CATEGORY","PI","EFFORT") VALUES (1,'project1_1',1,3,2.5);
insert into "PIHISTORYENTRY" ("ID","PROJECTNAME","CATEGORY","PI","EFFORT") VALUES (2,'project1_2',1,8,3.5);
insert into "PIHISTORYENTRY" ("ID","PROJECTNAME","CATEGORY","PI","EFFORT") VALUES (3,'project2_1',2,12,4.5);
insert into "PIHISTORYENTRY" ("ID","PROJECTNAME","CATEGORY","PI","EFFORT") VALUES (4,'project2_2',2,5,1.5);
insert into "PIHISTORYENTRY" ("ID","PROJECTNAME","CATEGORY","PI","EFFORT") VALUES (5,'project3_1',3,19,2.0);
insert into "PIHISTORYENTRY" ("ID","PROJECTNAME","CATEGORY","PI","EFFORT") VALUES (6,'project3_2',3,16,3.0);
ALTER TABLE APPLICATIONTYPEGROUP ALTER COLUMN id RESTART WITH 4;
ALTER TABLE APPLICATIONTYPE ALTER COLUMN id RESTART WITH 7;
ALTER TABLE ORGANIZATION ALTER COLUMN id RESTART WITH 3;
ALTER TABLE DIVISION ALTER COLUMN id RESTART WITH 5;
ALTER TABLE INDUSTRYSECTOR ALTER COLUMN id RESTART WITH 4;
ALTER TABLE INDUSTRYSECTORGROUP ALTER COLUMN id RESTART WITH 7;
ALTER TABLE PIHISTORYCATEGORY ALTER COLUMN id RESTART WITH 4;
ALTER TABLE PIHISTORYENTRY ALTER COLUMN id RESTART WITH 7;

