INSERT INTO "ORGANIZATION"
	("ID", "NAME")
VALUES
	(1, 'TestOrganization1');
	
INSERT INTO "ORGANIZATION"
	("ID", "NAME")
VALUES
	(2, 'TestOrganization2');
			
			
INSERT INTO "DIVISION" 
	("ID", "NAME", "ORGANIZATION")
VALUES
	(1, 'TestDivision1', 1);
	
INSERT INTO "DIVISION" 
	("ID", "NAME", "ORGANIZATION")
VALUES
	(2, 'TestDivision2', 1);
	
INSERT INTO "DIVISION" 
	("ID", "NAME", "ORGANIZATION")
VALUES
	(3, 'TestDivision3', 2);
	
INSERT INTO "DIVISION" 
	("ID", "NAME", "ORGANIZATION")
VALUES
	(4, 'TestDivision4', 2);
	
	
INSERT INTO "USER" 
	("ID", "FIRSTNAME", "LASTNAME", "PASSWORD", "DIVISION") 
VALUES 
	('test1', 'Test', 'User1', 'blub', 1);
	
INSERT INTO "USER" 
	("ID", "FIRSTNAME", "LASTNAME", "PASSWORD", "DIVISION") 
VALUES 
	('test2', 'Test', 'User2', 'blub', 2);

INSERT INTO "USER" 
	("ID", "FIRSTNAME", "LASTNAME", "PASSWORD", "DIVISION") 
VALUES 
	('test3', 'Test', 'User3', 'blub', 3);


INSERT INTO "ESTIMATE" 
	("ID", "NAME", "CREATIONDATE", "MODIFYDATE", "ESTIMATOR", "LASTEDITOR", "DIVISION") 
VALUES 
	(1,'Test_Estimate 1', '2011-01-01 00:00:00', '2011-01-01 00:00:01', 'test1', 'test1', 1);
	
INSERT INTO "ESTIMATE" 
	("ID","NAME", "CREATIONDATE", "MODIFYDATE", "ESTIMATOR", "LASTEDITOR", "DIVISION") 
VALUES 
	(2,'Test_Estimate 2', '2011-01-01 00:00:00', '2011-01-01 00:00:02', 'test1', 'test1', 1);
	
INSERT INTO "ESTIMATE" 
	("ID","NAME", "CREATIONDATE", "MODIFYDATE", "ESTIMATOR", "LASTEDITOR", "DIVISION") 
VALUES 
	(3,'Test_Estimate 3', '2011-01-01 00:00:00', '2011-01-01 00:00:03', 'test2', 'test2', 2);
	
INSERT INTO "ESTIMATE" 
	("ID","NAME", "CREATIONDATE", "MODIFYDATE", "ESTIMATOR", "LASTEDITOR", "DIVISION") 
VALUES 
	(4,'Test_Estimate 4', '2011-01-01 00:00:00', '2011-01-01 00:00:04', 'test3', 'test3', 2);
	
INSERT INTO "ESTIMATE" 
	("ID","NAME", "CREATIONDATE", "MODIFYDATE", "ESTIMATOR", "LASTEDITOR", "DIVISION") 
VALUES 
	(5,'Test_Estimate 5', '2011-01-01 00:00:00', '2011-01-01 00:00:05', 'test3', 'test3', 3);
	
INSERT INTO "ESTIMATE" 
	("ID","NAME", "CREATIONDATE", "MODIFYDATE", "ESTIMATOR", "LASTEDITOR", "DIVISION") 
VALUES 
	(6,'Test_Estimate 6', '2011-01-01 00:00:00', '2011-01-01 00:00:06', 'test1', 'test1', 4);


INSERT INTO "PROJECTENVIRONMENT" ("ID","DAYSPERWEEK","HOURSPERDAY","PROJECTDESCRIPTION","PROJECTNAME","APPLICATIONTYPE","COUNTRY","EFFORTUNIT","ESTIMATE","INDUSTRYSECTOR","MONETARYUNIT","MTTDTIMEUNIT")
VALUES (1,2,3,'kleine beschreibung 1','projektname 1',1,'GD','PM',1,1,'ARS','DAY');
INSERT INTO "PROJECTENVIRONMENT" ("ID","DAYSPERWEEK","HOURSPERDAY","PROJECTDESCRIPTION","PROJECTNAME","APPLICATIONTYPE","COUNTRY","EFFORTUNIT","ESTIMATE","INDUSTRYSECTOR","MONETARYUNIT","MTTDTIMEUNIT")
VALUES (2,3,8,'kleine beschreibung 2','projektname 2',3,'GD','PM',2,2,'ARS','DAY');
INSERT INTO "PROJECTENVIRONMENT" ("ID","DAYSPERWEEK","HOURSPERDAY","PROJECTDESCRIPTION","PROJECTNAME","APPLICATIONTYPE","COUNTRY","EFFORTUNIT","ESTIMATE","INDUSTRYSECTOR","MONETARYUNIT","MTTDTIMEUNIT")
VALUES (3,4,9,'kleine beschreibung 3','projektname 3',3,'GD','PM',3,3,'ARS','DAY');
INSERT INTO "PROJECTENVIRONMENT" ("ID","DAYSPERWEEK","HOURSPERDAY","PROJECTDESCRIPTION","PROJECTNAME","APPLICATIONTYPE","COUNTRY","EFFORTUNIT","ESTIMATE","INDUSTRYSECTOR","MONETARYUNIT","MTTDTIMEUNIT")
VALUES (4,5,7,'kleine beschreibung 4','projektname 4',4,'GD','PM',4,4,'ARS','DAY');
INSERT INTO "PROJECTENVIRONMENT" ("ID","DAYSPERWEEK","HOURSPERDAY","PROJECTDESCRIPTION","PROJECTNAME","APPLICATIONTYPE","COUNTRY","EFFORTUNIT","ESTIMATE","INDUSTRYSECTOR","MONETARYUNIT","MTTDTIMEUNIT")
VALUES (5,1,6,'kleine beschreibung 5','projektname 5',5,'GD','PM',5,5,'ARS','DAY');
INSERT INTO "PROJECTENVIRONMENT" ("ID","DAYSPERWEEK","HOURSPERDAY","PROJECTDESCRIPTION","PROJECTNAME","APPLICATIONTYPE","COUNTRY","EFFORTUNIT","ESTIMATE","INDUSTRYSECTOR","MONETARYUNIT","MTTDTIMEUNIT")
VALUES (6,3,5,'kleine beschreibung 6','projektname 6',6,'GD','PM',6,6,'ARS','DAY');



ALTER TABLE ORGANIZATION ALTER COLUMN id RESTART WITH 3;
ALTER TABLE DIVISION ALTER COLUMN id RESTART WITH 5;
ALTER TABLE ESTIMATE ALTER COLUMN id RESTART WITH 7;
	