INSERT INTO ORGANIZATION
	("ID", "NAME")
VALUES
	(1, 'TestOrganization1');
	
INSERT INTO ORGANIZATION
	("ID", "NAME")
VALUES
	(2, 'TestOrganization2');
			
			
INSERT INTO DIVISION 
	("ID", "NAME", "ORGANIZATION")
VALUES
	(1, 'TestDivision1', 1);
	
INSERT INTO DIVISION 
	("ID", "NAME", "ORGANIZATION")
VALUES
	(2, 'TestDivision2', 1);
	
INSERT INTO DIVISION 
	("ID", "NAME", "ORGANIZATION")
VALUES
	(3, 'TestDivision3', 2);
	
INSERT INTO DIVISION 
	("ID", "NAME", "ORGANIZATION")
VALUES
	(4, 'TestDivision4', 2);
	
	
INSERT INTO "USER" 
	("ID", "FIRSTNAME", "LASTNAME", "PASSWORD", "DIVISION") 
VALUES 
	('test1', 'Test', 'User1', 'blub', 1);
	
INSERT INTO "USER" 
	("ID", "FIRSTNAME", "LASTNAME", "PASSWORD", "DIVISION") 
VALUES 
	('test2', 'Test', 'User2', 'blub', 2);

INSERT INTO "USER" 
	("ID", "FIRSTNAME", "LASTNAME", "PASSWORD", "DIVISION") 
VALUES 
	('test3', 'Test', 'User3', 'blub', 3);


INSERT INTO ESTIMATE 
	("NAME", "CREATIONDATE", "MODIFYDATE", "ESTIMATOR", "LASTEDITOR", "DIVISION") 
VALUES 
	('Test_Estimate 1', '2011-01-01 00:00:00', '2011-01-01 00:00:01', 'test1', 'test1', 1);
	
INSERT INTO ESTIMATE 
	("NAME", "CREATIONDATE", "MODIFYDATE", "ESTIMATOR", "LASTEDITOR", "DIVISION") 
VALUES 
	('Test_Estimate 2', '2011-01-01 00:00:00', '2011-01-01 00:00:02', 'test1', 'test1', 1);
	
INSERT INTO ESTIMATE 
	("NAME", "CREATIONDATE", "MODIFYDATE", "ESTIMATOR", "LASTEDITOR", "DIVISION") 
VALUES 
	('Test_Estimate 3', '2011-01-01 00:00:00', '2011-01-01 00:00:03', 'test2', 'test2', 2);
	
INSERT INTO ESTIMATE 
	("NAME", "CREATIONDATE", "MODIFYDATE", "ESTIMATOR", "LASTEDITOR", "DIVISION") 
VALUES 
	('Test_Estimate 4', '2011-01-01 00:00:00', '2011-01-01 00:00:04', 'test3', 'test3', 2);
	
INSERT INTO ESTIMATE 
	("NAME", "CREATIONDATE", "MODIFYDATE", "ESTIMATOR", "LASTEDITOR", "DIVISION") 
VALUES 
	('Test_Estimate 5', '2011-01-01 00:00:00', '2011-01-01 00:00:05', 'test3', 'test3', 3);
	
INSERT INTO ESTIMATE 
	("NAME", "CREATIONDATE", "MODIFYDATE", "ESTIMATOR", "LASTEDITOR", "DIVISION") 
VALUES 
	('Test_Estimate 6', '2011-01-01 00:00:00', '2011-01-01 00:00:06', 'test1', 'test1', 4);